{
    "METxcorr": {
        "2018A": [
            0.362865,
            -1.94505
        ],
        "2018B": [
            0.492083,
            -2.93552
        ],
        "2018C": [
            0.521349,
            -1.44544
        ],
        "2018D": [
            0.531151,
            -1.37568
        ],
        "2018MC": [
            0.296713,
            -0.141506
        ]
    },
    "METycorr": {
        "2018A": [
            0.0709085,
            -0.307365
        ],
        "2018B": [
            0.17874,
            -0.786844
        ],
        "2018C": [
            0.118956,
            -1.96434
        ],
        "2018D": [
            0.0884639,
            -1.57089
        ],
        "2018MC": [
            0.115685,
            0.0128193
        ]
    }
}