{
    "METxcorr": {
        "2017B": [
            -0.19563,
            1.51859
        ],
        "2017C": [
            -0.161661,
            0.589933
        ],
        "2017D": [
            -0.180911,
            1.23553
        ],
        "2017E": [
            -0.149494,
            0.901305
        ],
        "2017F": [
            -0.165154,
            1.02018
        ],
        "2017MC": [
            -0.182569,
            0.276542
        ]
    },
    "METycorr": {
        "2017B": [
            0.306987,
            -1.84713
        ],
        "2017C": [
            0.233569,
            -0.995546
        ],
        "2017D": [
            0.240155,
            -1.27449
        ],
        "2017E": [
            0.178212,
            -0.535537
        ],
        "2017F": [
            0.253794,
            0.75776
        ],
        "2017MC": [
            0.155652,
            -0.417633
        ]
    }
}