{
    "METxcorr": {
        "2016B": [
            -0.0478335,
            -0.108032
        ],
        "2016C": [
            -0.0916985,
            0.393247
        ],
        "2016D": [
            -0.0581169,
            0.567316
        ],
        "2016E": [
            -0.065622,
            0.536856
        ],
        "2016F": [
            -0.0313322,
            0.39866
        ],
        "2016G": [
            0.040803,
            -0.290384
        ],
        "2016H": [
            0.0330868,
            -0.209534
        ],
        "2016MC": [
            -0.195191,
            -0.170948
        ]
    },
    "METycorr": {
        "2016B": [
            0.125148,
            0.355672
        ],
        "2016C": [
            0.151445,
            0.114491
        ],
        "2016D": [
            0.147549,
            0.403088
        ],
        "2016E": [
            0.188532,
            0.495346
        ],
        "2016F": [
            0.16081,
            0.960177
        ],
        "2016G": [
            0.0961935,
            0.666096
        ],
        "2016H": [
            0.141513,
            0.816732
        ],
        "2016MC": [
            -0.0311891,
            0.787627
        ]
    }
}