{
    "EraB": {"METxcorr": [-0.0478335, -0.108032],
             "METycorr": [0.125148, 0.355672]},
    
