{
    "bins": {
        "channel": [0, 1, 2, 3]
    },
    "factors": [
        1.2878903620358586,
        1.2961079883289808,
        1.3043780487297603
    ],
    "factors_up": [
        1.30156118,
        1.30530542,
        1.3163848
    ],
    "factors_down": [
        1.27421954,
        1.28691056,
        1.2923713
    ]
}
