{
    "bins": {
        "met": [0, 40, 70, 100, Infinity],
        "channel": [0, 1, 2, 3]
    },
    "factors": [
        [1.2518724655745588, 1.2601212184149708, 1.2684243233761405],
        [1.3358133027690615, 1.3418290833864905, 1.347871955826079],
        [1.3514674522296257, 1.4210999191053473, 1.494320101271732],
        [1.1746875512594401, 1.0947018448018389, 1.0201624489233034]
    ],
    "factors_up": [
        [ 1.26817239,  1.27098915,  1.28266096],
        [ 1.36231994,  1.35967743,  1.37132122],
        [ 1.41613676,  1.46753556,  1.55722454],
        [ 1.33429184,  1.20368877,  1.14625815]
    ],
    "factors_down": [
        [ 1.23557254, 1.24925329, 1.25418769],
        [ 1.30930667, 1.32398074, 1.32442269],
        [ 1.28679814, 1.37466428, 1.43141566],
        [ 1.01508326, 0.98571492, 0.89406675]
    ]
}
